Time,Channel 1,Channel 2,Channel 3,Channel 4,Channel 5,Channel 6,Channel 7,Channel 8,Direction
1638044496248,5353.46630859375,-32077.48046875,-5972.60986328125,-33548.875,-23360.76953125,-11395.4111328125,0,-9923.2353515625,RestSSVEP
1638044496249,5346.87255859375,-32081.056640625,-5981.259765625,-33554.125,-23378.62890625,-11402.2060546875,0,-9931.908203125,RestSSVEP
1638044496249,5344.48095703125,-32083.24609375,-5982.55615234375,-33553.43359375,-23377.17578125,-11399.7919921875,0,-9933.5400390625,RestSSVEP
1638044496249,5355.2099609375,-32078.28515625,-5976.431640625,-33546.81640625,-23379.634765625,-11389.890625,0,-9942.5927734375,RestSSVEP
1638044496252,5357.1318359375,-32073.546875,-5968.228515625,-33545.25390625,-23372.19140625,-11384.8388671875,0,-9952.7626953125,RestSSVEP
1638044496252,5359.1435546875,-32068.16015625,-5960.98681640625,-33540.55859375,-23364.390625,-11380.5244140625,0,-9947.80078125,RestSSVEP
1638044496252,5356.66259765625,-32071.7578125,-5971.51416015625,-33545.87890625,-23384.283203125,-11389.8681640625,0,-9930.5673828125,RestSSVEP
1638044496253,5360.373046875,-32067.802734375,-5966.97705078125,-33541.7421875,-23370.537109375,-11387.0068359375,0,-9906.986328125,RestSSVEP
1638044496253,5347.27490234375,-32079.537109375,-5974.55419921875,-33552.40625,-23368.79296875,-11398.205078125,0,-9919.4140625,RestSSVEP
1638044496254,5344.5478515625,-32078.53125,-5976.36474609375,-33553.8125,-23376.7734375,-11399.6806640625,0,-9949.56640625,RestSSVEP

1638044500190,5557.8955078125,-31876.29296875,-5813.5546875,-33347.953125,-23195.568359375,-11143.1943359375,0,-9632.73046875,15Hz
1638044500190,5562.54443359375,-31871.978515625,-5815.521484375,-33345.96484375,-23203.234375,-11142.43359375,0,-9632.2607421875,15Hz
1638044500190,5558.81201171875,-31878.259765625,-5818.583984375,-33347.4609375,-23202.7421875,-11144.490234375,0,-9630.4951171875,15Hz
1638044500190,5544.439453125,-31894.6875,-5827.18896484375,-33356.08984375,-23192.3046875,-11146.7255859375,0,-9630.78515625,15Hz
1638044500191,5544.52880859375,-31883.2890625,-5828.5751953125,-33356.671875,-23202.65234375,-11152.2021484375,0,-9637.982421875,15Hz
1638044500191,5549.8486328125,-31876.716796875,-5823.68017578125,-33352.3359375,-23196.908203125,-11150.1005859375,0,-9637.9384765625,15Hz
1638044500191,5545.69140625,-31884.78515625,-5830.02783203125,-33353.31640625,-23198.2265625,-11147.396484375,0,-9636.8203125,15Hz
1638044500191,5548.77587890625,-31879.287109375,-5832.44189453125,-33351.88671875,-23202.36328125,-11147.2177734375,0,-9627.8349609375,15Hz
1638044500191,5549.916015625,-31881.767578125,-5839.63916015625,-33354.03125,-23209.0234375,-11148.0439453125,0,-9617.486328125,15Hz
1638044500192,5543.36669921875,-31888.138671875,-5848.22216796875,-33359.41796875,-23210.20703125,-11152.58203125,0,-9620.4814453125,15Hz
1638044500547,5566.34423828125,-31858.208984375,-5812.48193359375,-33336.6875,-23199.166015625,-11167.5576171875,0,-9619.4306640625,15Hz
1638044500550,5567.17138671875,-31859.1484375,-5809.732421875,-33334.02734375,-23188.302734375,-11161.701171875,0,-9632.9541015625,15Hz
1638044500552,5575.15087890625,-31846.162109375,-5802.02099609375,-33325.734375,-23181.1953125,-11152.6484375,0,-9618.8720703125,15Hz
1638044500552,5570.703125,-31862.724609375,-5810.82763671875,-33335.48046875,-23194.71875,-11162.6396484375,0,-9599.716796875,15Hz
1638044500553,5570.703125,-31847.525390625,-5803.8984375,-33332.3984375,-23192.595703125,-11159.935546875,0,-9596.6318359375,15Hz
1638044500553,5582.54931640625,-31824.50390625,-5777.90380859375,-33312.859375,-23161.435546875,-11142.76953125,0,-9590.6865234375,15Hz
1638044500553,5589.6123046875,-31816.634765625,-5773.70166015625,-33307.20703125,-23161.34765625,-11138.74609375,0,-9590.9990234375,15Hz
1638044500553,5579.4423828125,-31832.169921875,-5793.3935546875,-33320.4375,-23181.798828125,-11150.97265625,0,-9604.1201171875,15Hz
1638044500553,5564.4892578125,-31849.89453125,-5808.7490234375,-33336.15234375,-23182.984375,-11166.0595703125,0,-9613.1728515625,15Hz
1638044500553,5575.75439453125,-31841.580078125,-5794.28759765625,-33324.4609375,-23176.009765625,-11152.1572265625,0,-9603.404296875,15Hz
1638044501138,5614.17724609375,-31791.9140625,-5754.03173828125,-33288.4765625,-23130.27734375,-11096.814453125,0,-9539.8583984375,15Hz
1638044501138,5616.2333984375,-31774.099609375,-5747.9970703125,-33286.26171875,-23137.408203125,-11099.0048828125,0,-9537.6904296875,15Hz
1638044501138,5600.69873046875,-31792.875,-5776.115234375,-33306.24609375,-23176.30078125,-11120.57421875,0,-9542.8310546875,15Hz
1638044501140,5611.89697265625,-31788.271484375,-5764.380859375,-33294.15234375,-23161.615234375,-11106.2685546875,0,-9522.3798828125,15Hz
1638044501140,5615.048828125,-31796.943359375,-5765.5654296875,-33293.3046875,-23160.4296875,-11098.177734375,0,-9512.8349609375,15Hz
1638044501140,5606.91259765625,-31804.3203125,-5764.44775390625,-33298.8671875,-23150.73046875,-11099.18359375,0,-9519.6748046875,15Hz
1638044501140,5606.4658203125,-31797.189453125,-5756.89306640625,-33296.76953125,-23147.109375,-11101.59765625,0,-9511.8515625,15Hz
1638044501141,5598.798828125,-31806.107421875,-5771.9130859375,-33307.83203125,-23163.26953125,-11114.9638671875,0,-9516.322265625,15Hz
1638044501141,5598.44140625,-31811.6953125,-5779.333984375,-33307.65234375,-23169.080078125,-11113.9130859375,0,-9541.3115234375,15Hz
1638044501141,5594.90966796875,-31810.2421875,-5786.9111328125,-33315.20703125,-23183.765625,-11126.2958984375,0,-9564.2890625,15Hz
1638044504191,5658.7685546875,-31734.515625,-5600.31884765625,-33198.0625,-23196.05859375,-11062.8173828125,0,-9374.2548828125,RestSSVEP
1638044504191,5656.466796875,-31741.35546875,-5611.0029296875,-33201.2578125,-23196.953125,-11063.5546875,0,-9375.193359375,RestSSVEP
1638044504191,5671.0400390625,-31723.115234375,-5589.70166015625,-33184.33984375,-23176.255859375,-11049.853515625,0,-9376.2890625,RestSSVEP
1638044504192,5670.458984375,-31725.6640625,-5598.19580078125,-33187.2890625,-23186.89453125,-11054.6591796875,0,-9365.5146484375,RestSSVEP
1638044504192,5681.2548828125,-31712.119140625,-5584.78466796875,-33177.27734375,-23167.962890625,-11045.896484375,0,-9357.7138671875,RestSSVEP
1638044504192,5677.1865234375,-31716.701171875,-5590.8193359375,-33182.6171875,-23176.94921875,-11050.076171875,0,-9360.1728515625,RestSSVEP
1638044504192,5673.72216796875,-31723.98828125,-5605.10205078125,-33189.5234375,-23186.537109375,-11055.552734375,0,-9350.6064453125,RestSSVEP
1638044504192,5665.69775390625,-31732.90625,-5618.267578125,-33197.99609375,-23198.16015625,-11063.845703125,0,-9361.7373046875,RestSSVEP
1638044504192,5665.4521484375,-31731.564453125,-5610.10888671875,-33196.56640625,-23198.451171875,-11063.9794921875,0,-9366.3642578125,RestSSVEP
1638044504192,5670.369140625,-31728.255859375,-5604.94580078125,-33190.23828125,-23184.81640625,-11056.87109375,0,-9360.28515625,RestSSVEP
1638044504559,5648.71044921875,-31753.447265625,-5680.1591796875,-33225.17578125,-23168.388671875,-11077.6806640625,0,-9321.794921875,RestSSVEP
1638044504560,5647.5927734375,-31757.0234375,-5682.95361328125,-33225.21875,-23154.41796875,-11075.6474609375,0,-9316.2744140625,RestSSVEP
1638044504561,5640.462890625,-31770.748046875,-5700.3876953125,-33236.05859375,-23177.57421875,-11086.95703125,0,-9312.474609375,RestSSVEP
1638044504562,5645.603515625,-31761.404296875,-5683.6240234375,-33230.47265625,-23176.43359375,-11085.5712890625,0,-9325.2373046875,RestSSVEP
1638044504562,5648.576171875,-31753.08984375,-5666.1669921875,-33223.25390625,-23163.58203125,-11082.1513671875,0,-9327.6962890625,RestSSVEP
1638044504562,5650.31982421875,-31750.00390625,-5670.95068359375,-33222.42578125,-23163.91796875,-11076.787109375,0,-9327.8974609375,RestSSVEP
1638044504562,5646.11767578125,-31758.744140625,-5682.66259765625,-33230.29296875,-23182.111328125,-11083.939453125,0,-9331.3837890625,RestSSVEP
1638044504562,5643.994140625,-31764.599609375,-5681.7685546875,-33231.30078125,-23183.095703125,-11085.5263671875,0,-9334.8935546875,RestSSVEP
1638044504562,5646.11767578125,-31766.791015625,-5671.017578125,-33227.1875,-23165.99609375,-11077.7255859375,0,-9332.8369140625,RestSSVEP
1638044504562,5650.587890625,-31762.7890625,-5673.5654296875,-33228.3046875,-23183.185546875,-11076.228515625,0,-9337.1728515625,RestSSVEP
1638044505004,5593.412109375,-31806.666015625,-5785.5703125,-33278.86328125,-23160.318359375,-11143.6630859375,0,-9264.060546875,RestSSVEP
1638044505005,5596.76513671875,-31801.458984375,-5774.998046875,-33273.54296875,-23156.294921875,-11138.74609375,0,-9263.61328125,RestSSVEP
1638044505005,5593.4794921875,-31804.9453125,-5775.9365234375,-33275.0859375,-23148.271484375,-11137.650390625,0,-9266.83203125,RestSSVEP
1638044505005,5593.94873046875,-31806.3984375,-5774.7294921875,-33273.0078125,-23140.0234375,-11133.314453125,0,-9270.6318359375,RestSSVEP
1638044505006,5592.09375,-31807.359375,-5779.49072265625,-33276.09375,-23150.05859375,-11134.23046875,0,-9276.287109375,RestSSVEP
1638044505006,5596.67578125,-31803.939453125,-5775.08740234375,-33273.76953125,-23150.283203125,-11130.654296875,0,-9273.984375,RestSSVEP
1638044505006,5592.8759765625,-31810.578125,-5780.42919921875,-33278.015625,-23149.1875,-11133.716796875,0,-9276.734375,RestSSVEP
1638044505007,5598.083984375,-31805.392578125,-5779.4013671875,-33273.1640625,-23138.927734375,-11128.173828125,0,-9265.78125,RestSSVEP
1638044505007,5601.10107421875,-31801.81640625,-5774.21533203125,-33269.09765625,-23135.732421875,-11124.3740234375,0,-9263.2109375,RestSSVEP
1638044505007,5613.595703125,-31780.8046875,-5760.40234375,-33258.8828125,-23133.921875,-11119.814453125,0,-9251.029296875,RestSSVEP



1638044515008,5450.8974609375,-31986.888671875,-6009.91455078125,-33422.4296875,-23253.861328125,-11267.2236328125,0,-9075.1884765625,Cue
1638044515008,5457.71484375,-31987.55859375,-5991.4296875,-33410.11328125,-23216.443359375,-11254.6396484375,0,-9056.2783203125,Cue
1638044515008,5466.63330078125,-31982.57421875,-5979.98583984375,-33400.90625,-23197.892578125,-11243.642578125,0,-9055.6748046875,Cue
1638044515008,5459.23486328125,-31986.28515625,-5991.8994140625,-33410.62890625,-23221.763671875,-11258.328125,0,-9073.0869140625,Cue
1638044515008,5459.43603515625,-31989.7265625,-5996.212890625,-33411.09765625,-23220.2890625,-11259.1767578125,0,-9062.626953125,Cue
1638044515008,5461.4921875,-31992.9453125,-5995.4306640625,-33408.7265625,-23205.3359375,-11253.7900390625,0,-9070.4052734375,Cue
1638044515008,5464.2861328125,-31978.08203125,-5988.39013671875,-33407.296875,-23214.72265625,-11258.6630859375,0,-9088.8447265625,Cue
1638044515009,5462.18505859375,-31978.505859375,-5998.4482421875,-33413.5546875,-23238.974609375,-11269.1240234375,0,-9096.9140625,Cue
1638044515009,5463.99560546875,-31978.060546875,-5983.18212890625,-33407.34375,-23213.716796875,-11261.30078125,0,-9091.6611328125,Cue
1638044515009,5466.5439453125,-31978.439453125,-5980.611328125,-33403.1640625,-23208.755859375,-11254.013671875,0,-9097.361328125,Cue
1638044516962,5507.98388671875,-31988.296875,-5965.81494140625,-33371.9375,-23142.794921875,-11214.00390625,0,-9016.5595703125,10Hz
1638044516962,5500.78662109375,-32000.298828125,-5970.39697265625,-33379.828125,-23143.689453125,-11218.876953125,0,-9018.90625,10Hz
1638044516962,5494.34912109375,-32011.072265625,-5981.14794921875,-33388.96875,-23163.76171875,-11226.1416015625,0,-9018.9736328125,10Hz
1638044516963,5498.03759765625,-32004.61328125,-5978.890625,-33387.73828125,-23167.224609375,-11227.4150390625,0,-9037.056640625,10Hz
1638044516963,5497.27734375,-32011.921875,-5979.60595703125,-33386.80078125,-23152.80859375,-11221.4697265625,0,-9032.943359375,10Hz
1638044516963,5500.451171875,-32000.791015625,-5966.708984375,-33380.921875,-23151.66796875,-11219.6591796875,0,-9019.6220703125,10Hz
1638044516964,5500.38427734375,-31998.35546875,-5969.8603515625,-33381.1015625,-23154.328125,-11221.134765625,0,-9020.8515625,10Hz
1638044516964,5496.31640625,-32009.26171875,-5977.16943359375,-33385.8828125,-23161.705078125,-11225.0458984375,0,-9001.2490234375,10Hz
1638044516965,5494.97509765625,-32014.537109375,-5980.16455078125,-33388.296875,-23164.609375,-11226.0966796875,0,-8995.6611328125,10Hz
1638044516965,5500.0712890625,-32004.904296875,-5977.12451171875,-33385.81640625,-23170.33203125,-11226.8564453125,0,-9029.1884765625,10Hz
1638044519812,5543.478515625,-31958.76953125,-5948.96142578125,-33338.6328125,-23140.224609375,-11184.25390625,0,-9021.41015625,10Hz
1638044519813,5536.0576171875,-31970.302734375,-5959.75732421875,-33346.546875,-23150.015625,-11192.9716796875,0,-9026.796875,10Hz
1638044519813,5531.85546875,-31976.451171875,-5959.80224609375,-33348.51171875,-23150.529296875,-11194.357421875,0,-9037.0341796875,10Hz
1638044519813,5535.833984375,-31967.486328125,-5948.02294921875,-33340.6875,-23128.154296875,-11184.5673828125,0,-9020.359375,10Hz
1638044519813,5539.0751953125,-31966.83984375,-5953.677734375,-33342.34375,-23137.51953125,-11186.0869140625,0,-9028.7412109375,10Hz
1638044519813,5535.431640625,-31968.8515625,-5954.21435546875,-33343.34765625,-23127.193359375,-11181.6611328125,0,-9047.5390625,10Hz
1638044519813,5538.98583984375,-31963.798828125,-5946.61474609375,-33338.96875,-23132.423828125,-11178.2412109375,0,-9048.2763671875,10Hz
1638044519814,5541.109375,-31964.916015625,-5949.60986328125,-33342.92578125,-23146.013671875,-11185.3046875,0,-9067.56640625,10Hz
1638044519814,5528.21240234375,-31970.28125,-5955.80126953125,-33349.2265625,-23148.40625,-11189.3056640625,0,-9064.638671875,10Hz
1638044519814,5526.17822265625,-31976.13671875,-5958.39404296875,-33348.33203125,-23146.68359375,-11187.2939453125,0,-9049.751953125,10Hz
1638044520173,5477.60791015625,-32022.427734375,-6005.0869140625,-33396.48046875,-23189.17578125,-11240.15625,0,-9059.564453125,10Hz
1638044520174,5483.2626953125,-32014.671875,-6005.421875,-33393.70703125,-23191.87890625,-11237.1162109375,0,-9049.349609375,10Hz
1638044520174,5486.63818359375,-32014.158203125,-5993.50830078125,-33389.08203125,-23175.271484375,-11230.208984375,0,-9061.486328125,10Hz
1638044520175,5485.02880859375,-32014.42578125,-5992.36865234375,-33389.21484375,-23184.033203125,-11232.869140625,0,-9079.4794921875,10Hz
1638044520175,5482.79345703125,-32017.01953125,-6001.689453125,-33393.21484375,-23194.830078125,-11238.7919921875,0,-9091.0576171875,10Hz
1638044520176,5490.39306640625,-32009.1953125,-5992.48046875,-33385.21484375,-23185.7109375,-11233.8076171875,0,-9067.07421875,10Hz
1638044520176,5493.79052734375,-32005.57421875,-5988.703125,-33380.69921875,-23176.970703125,-11230.8798828125,0,-9047.9189453125,10Hz
1638044520176,5490.125,-32012.7265625,-5992.52490234375,-33385.50390625,-23185.7109375,-11237.2275390625,0,-9063.0068359375,10Hz
1638044520176,5484.5146484375,-32020.125,-6006.78564453125,-33392.94921875,-23203.703125,-11246.771484375,0,-9082.6318359375,10Hz
1638044520176,5494.03662109375,-32006.513671875,-5995.78857421875,-33382.59765625,-23194.31640625,-11239.373046875,0,-9056.4794921875,10Hz
1638044520577,5472.62353515625,-32023.76953125,-6013.13330078125,-33407.1640625,-23196.88671875,-11247.15234375,0,-9070.7626953125,RestSSVEP
1638044520577,5483.1064453125,-32014.89453125,-6002.6279296875,-33398.6015625,-23198.47265625,-11243.9560546875,0,-9030.0380859375,RestSSVEP
1638044520578,5488.314453125,-32005.619140625,-5992.90478515625,-33391.09375,-23186.962890625,-11238.501953125,0,-9011.84375,RestSSVEP
1638044520578,5486.66015625,-32008.748046875,-5993.91064453125,-33391.7421875,-23179.318359375,-11240.0439453125,0,-9031.892578125,RestSSVEP
1638044520579,5483.3525390625,-32018.896484375,-6003.79052734375,-33399.62890625,-23185.599609375,-11244.73828125,0,-9037.8828125,RestSSVEP
1638044520579,5493.25390625,-32005.931640625,-5982.82421875,-33385.79296875,-23170.130859375,-11228.533203125,0,-9037.6376953125,RestSSVEP
1638044520579,5487.97900390625,-32009.419921875,-5992.234375,-33392.3203125,-23185.732421875,-11233.8974609375,0,-9046.82421875,RestSSVEP
1638044520579,5487.666015625,-32009.150390625,-5998.2919921875,-33395.1171875,-23199.791015625,-11237.3173828125,0,-9046.3544921875,RestSSVEP
1638044520581,5493.455078125,-32007.720703125,-5999.4541015625,-33393.7734375,-23192.595703125,-11234.1875,0,-9018.548828125,RestSSVEP
1638044520581,5490.0576171875,-32014.828125,-6005.73486328125,-33400.9921875,-23193.958984375,-11238.9716796875,0,-9010.5244140625,RestSSVEP
1638044521077,5511.068359375,-31988.69921875,-5973.81640625,-33364.6484375,-23155.4453125,-11221.4921875,0,-8995.8837890625,RestSSVEP
1638044521079,5513.16943359375,-31980.2734375,-5971.6708984375,-33363.48828125,-23160.810546875,-11222.408203125,0,-9011.1953125,RestSSVEP
1638044521080,5507.00048828125,-31989.638671875,-5987.0712890625,-33372.31640625,-23178.021484375,-11228.599609375,0,-9005.4951171875,RestSSVEP
1638044521080,5511.38134765625,-31986.642578125,-5978.77880859375,-33367.66796875,-23173.775390625,-11226.431640625,0,-9002.9697265625,RestSSVEP
1638044521080,5519.22705078125,-31974.998046875,-5962.88671875,-33359.015625,-23144.046875,-11217.7822265625,0,-9003.2607421875,RestSSVEP
1638044521080,5519.517578125,-31976.607421875,-5969.4580078125,-33363.01953125,-23152.763671875,-11221.8271484375,0,-8983.009765625,RestSSVEP
1638044521080,5512.99072265625,-31985.525390625,-5977.77294921875,-33370.86328125,-23172.65625,-11231.55078125,0,-8956.880859375,RestSSVEP
1638044521080,5515.6953125,-31985.458984375,-5974.0400390625,-33367.78125,-23168.90234375,-11230.8798828125,0,-8961.9541015625,RestSSVEP
1638044521080,5512.00732421875,-31990.3984375,-5984.634765625,-33373.5703125,-23176.009765625,-11236.0654296875,0,-8995.705078125,RestSSVEP
1638044521080,5510.39794921875,-31995.001953125,-5990.80419921875,-33376.8984375,-23176.748046875,-11238.1220703125,0,-9020.76171875,RestSSVEP

1638044523483,5480.5361328125,-32027.5234375,-6050.95263671875,-33388.07421875,-23202.83203125,-11289.0615234375,0,-9048.5224609375,12Hz
1638044523485,5481.8544921875,-32020.125,-6053.07568359375,-33390.84765625,-23214.544921875,-11294.068359375,0,-9067.6337890625,12Hz
1638044523485,5479.8876953125,-32022.3828125,-6060.47412109375,-33395.62890625,-23216.310546875,-11295.7666015625,0,-9056.748046875,12Hz
1638044523485,5473.40576171875,-32023.25390625,-6066.5986328125,-33397.8203125,-23225.7421875,-11297.1748046875,0,-9040.744140625,12Hz
1638044523486,5476.44580078125,-32025.177734375,-6055.0205078125,-33390.578125,-23203.279296875,-11288.1005859375,0,-9039.3583984375,12Hz
1638044523486,5482.56982421875,-32018.314453125,-6042.056640625,-33380.6328125,-23179.67578125,-11278.51171875,0,-9032.98828125,12Hz
1638044523487,5481.1171875,-32024.283203125,-6047.3984375,-33384.1640625,-23192.974609375,-11281.23828125,0,-9041.66015625,12Hz
1638044523490,5480.44677734375,-32023.142578125,-6049.611328125,-33386.265625,-23194.181640625,-11281.283203125,0,-9038.2412109375,12Hz
1638044523490,5481.78759765625,-32023.076171875,-6052.94189453125,-33385.01171875,-23195.634765625,-11281.0595703125,0,-9043.671875,12Hz
1638044523490,5484.62646484375,-32020.70703125,-6048.44921875,-33381.125,-23186.962890625,-11275.3818359375,0,-9045.7509765625,12Hz
1638044523957,5481.1171875,-32035.59375,-6061.0556640625,-33390.8671875,-23205.669921875,-11271.716796875,0,-9070.7177734375,12Hz
1638044523958,5482.279296875,-32032.642578125,-6054.4169921875,-33387.671875,-23197.177734375,-11270.5546875,0,-9070.091796875,12Hz
1638044523958,5486.01220703125,-32030.876953125,-6056.853515625,-33385.50390625,-23200.23828125,-11269.6376953125,0,-9066.068359375,12Hz
1638044523958,5487.8671875,-32025.53515625,-6052.6513671875,-33384.140625,-23202.98828125,-11271.2919921875,0,-9046.8681640625,12Hz
1638044523958,5484.0673828125,-32027.79296875,-6051.53369140625,-33387.13671875,-23210.923828125,-11274.3544921875,0,-9044.3203125,12Hz
1638044523959,5490.43798828125,-32014.44921875,-6042.36962890625,-33381.30078125,-23206.85546875,-11270.2412109375,0,-9066.6279296875,12Hz
1638044523959,5483.01708984375,-32027.6796875,-6047.15283203125,-33388.12109375,-23194.78515625,-11272.5654296875,0,-9052.7021484375,12Hz
1638044523959,5480.9384765625,-32032.0390625,-6052.2041015625,-33391.875,-23199.748046875,-11274.3095703125,0,-9032.4736328125,12Hz
1638044523959,5482.7490234375,-32029.916015625,-6049.8125,-33389.9765625,-23195.232421875,-11273.52734375,0,-9043.001953125,12Hz
1638044523959,5485.7216796875,-32025.37890625,-6045.31982421875,-33385.55078125,-23195.232421875,-11270.95703125,0,-9051.6513671875,12Hz


1638044533958,5332.23193359375,-32284.8828125,-6281.44384765625,-33517.46875,-23311.796875,-11369.1923828125,0,-9177.0673828125,15Hz
1638044533959,5327.0244140625,-32294.046875,-6292.84326171875,-33523.48046875,-23322.16796875,-11376.009765625,0,-9183.4599609375,15Hz
1638044533959,5330.64501953125,-32287.296875,-6288.17138671875,-33522.3203125,-23323.12890625,-11377.126953125,0,-9192.3564453125,15Hz
1638044533959,5330.9580078125,-32284.591796875,-6284.99755859375,-33521.046875,-23325.85546875,-11381.75390625,0,-9192.400390625,15Hz
1638044533959,5332.05322265625,-32287.453125,-6288.1494140625,-33521.89453125,-23324.1796875,-11381.59765625,0,-9177.4248046875,15Hz
1638044533959,5330.24267578125,-32286.55859375,-6287.97021484375,-33524.21875,-23323.576171875,-11382.4921875,0,-9167.5234375,15Hz
1638044533959,5335.9873046875,-32276.724609375,-6273.84423828125,-33517.15625,-23314.3671875,-11377.5068359375,0,-9175.234375,15Hz
1638044533959,5330.130859375,-32282.7578125,-6280.41552734375,-33523.83984375,-23319.0390625,-11385.8447265625,0,-9189.8076171875,15Hz
1638044533959,5333.88623046875,-32278.892578125,-6276.2802734375,-33521.22265625,-23315.796875,-11386.671875,0,-9166.47265625,15Hz
1638044533959,5342.201171875,-32268.810546875,-6268.45751953125,-33512.86328125,-23299.435546875,-11379.7421875,0,-9173.423828125,15Hz
1638044535834,5393.744140625,-32233.875,-6235.890625,-33479.60546875,-23259.158203125,-11333.541015625,0,-9107.62109375,15Hz
1638044535835,5396.7841796875,-32225.44921875,-6230.9287109375,-33476.8125,-23272.8828125,-11333.630859375,0,-9107.1064453125,15Hz
1638044535835,5400.42724609375,-32229.337890625,-6218.3896484375,-33467.4453125,-23234.951171875,-11322.56640625,0,-9119.109375,15Hz
1638044535836,5397.923828125,-32238.658203125,-6230.03466796875,-33473.5703125,-23245.8359375,-11328.1103515625,0,-9130.5087890625,15Hz
1638044535836,5394.302734375,-32238.658203125,-6231.39794921875,-33473.125,-23243.154296875,-11326.0986328125,0,-9139.337890625,15Hz
1638044535836,5391.77734375,-32245.900390625,-6238.79638671875,-33477.4140625,-23246.640625,-11327.640625,0,-9126.8203125,15Hz
1638044535836,5389.1171875,-32250.728515625,-6252.3642578125,-33486.2890625,-23265.193359375,-11336.291015625,0,-9117.701171875,15Hz
1638044535836,5397.81201171875,-32241.744140625,-6241.0986328125,-33480.41015625,-23251.177734375,-11331.3505859375,0,-9120.5400390625,15Hz
1638044535837,5392.5595703125,-32243.12890625,-6246.10546875,-33482.7109375,-23252.54296875,-11331.3505859375,0,-9112.224609375,15Hz
1638044535837,5381.69677734375,-32258.5078125,-6257.28125,-33491.2265625,-23261.751953125,-11335.9111328125,0,-9113.521484375,15Hz
1638044536195,5404.04833984375,-32231.08203125,-6232.42626953125,-33464.83203125,-23250.865234375,-11309.22265625,0,-9145.640625,15Hz
1638044536195,5402.103515625,-32235.328125,-6232.91796875,-33465.61328125,-23242.662109375,-11306.9208984375,0,-9144.8134765625,15Hz
1638044536196,5403.62353515625,-32241.564453125,-6229.87841796875,-33461.58984375,-23230.435546875,-11300.70703125,0,-9126.619140625,15Hz
1638044536196,5407.5126953125,-32240.580078125,-6232.02392578125,-33461.92578125,-23239.17578125,-11302.0927734375,0,-9117.8134765625,15Hz
1638044536196,5418.04052734375,-32222.9453125,-6223.9326171875,-33454.83984375,-23229.921875,-11297.5107421875,0,-9131.4697265625,15Hz
1638044536196,5409.748046875,-32236.53515625,-6236.494140625,-33464.7421875,-23233.96875,-11303.2099609375,0,-9132.4755859375,15Hz
1638044536196,5412.9443359375,-32231.796875,-6230.75,-33461.703125,-23224.333984375,-11300.5498046875,0,-9130.53125,15Hz
1638044536196,5422.5107421875,-32215.546875,-6228.24658203125,-33456.31640625,-23238.392578125,-11303.74609375,0,-9134.5546875,15Hz
1638044536196,5418.9794921875,-32225.203125,-6242.5068359375,-33462.88671875,-23247.22265625,-11310.072265625,0,-9150,15Hz
1638044536196,5422.22021484375,-32224.845703125,-6233.78955078125,-33458.328125,-23234.75,-11303.2548828125,0,-9158.9853515625,15Hz
1638044536612,5385.89892578125,-32252.986328125,-6287.880859375,-33479.4921875,-23210.69921875,-11310.720703125,0,-9135.8505859375,RestSSVEP
1638044536613,5376.22021484375,-32267.6484375,-6307.81884765625,-33491.16015625,-23230.525390625,-11318.23046875,0,-9126.396484375,RestSSVEP
1638044536639,5376.08642578125,-32267.783203125,-6314.21142578125,-33493.26171875,-23237.4765625,-11317.716796875,0,-9152.2119140625,RestSSVEP
1638044536639,5370.47607421875,-32278.556640625,-6318.77099609375,-33497.64453125,-23238.794921875,-11319.75,0,-9192.5126953125,RestSSVEP
1638044536640,5387.23974609375,-32254.572265625,-6300.42041015625,-33479.44921875,-23208.978515625,-11301.1318359375,0,-9226.0625,RestSSVEP
1638044536640,5394.21337890625,-32246.4375,-6293.78173828125,-33472.05078125,-23201.19921875,-11292.0791015625,0,-9225.6826171875,RestSSVEP
1638044536640,5385.98828125,-32259.244140625,-6303.5498046875,-33480.25390625,-23217.337890625,-11299.9248046875,0,-9230.8681640625,RestSSVEP
1638044536640,5386.05517578125,-32262.373046875,-6305.494140625,-33480.43359375,-23219.259765625,-11300.2373046875,0,-9214.439453125,RestSSVEP
1638044536640,5388.20068359375,-32257.322265625,-6304.1083984375,-33478.375,-23213.896484375,-11299.5224609375,0,-9228.8564453125,RestSSVEP
1638044536641,5388.40185546875,-32256.115234375,-6303.21435546875,-33477.86328125,-23209,-11301.2880859375,0,-9240.76953125,RestSSVEP
1638044537057,5370.02880859375,-32292.951171875,-6379.32177734375,-33502.671875,-23215.28125,-11301.466796875,0,-9138.48828125,RestSSVEP
1638044537058,5371.68310546875,-32286.53515625,-6375.99169921875,-33500.32421875,-23218.58984375,-11302.0927734375,0,-9151.0498046875,RestSSVEP
1638044537058,5379.5732421875,-32277.640625,-6365.19580078125,-33490.53515625,-23201.357421875,-11291.69921875,0,-9162.6279296875,RestSSVEP
1638044537058,5384.26708984375,-32267.291015625,-6356.0986328125,-33483.00390625,-23190.76171875,-11285.373046875,0,-9146.4228515625,RestSSVEP
1638044537059,5383.5966796875,-32270.755859375,-6357.3056640625,-33483.828125,-23193.64453125,-11283.1826171875,0,-9123.4013671875,RestSSVEP
1638044537059,5377.583984375,-32285.28515625,-6369.8671875,-33490.265625,-23200.685546875,-11286.3564453125,0,-9118.416015625,RestSSVEP
1638044537059,5368.53125,-32299.076171875,-6380.14892578125,-33500.390625,-23211.59375,-11293.9560546875,0,-9115.287109375,RestSSVEP
1638044537059,5380.802734375,-32272.119140625,-6367.54248046875,-33492.50390625,-23218.5234375,-11291.6767578125,0,-9112.158203125,RestSSVEP
1638044537059,5376.98046875,-32278.556640625,-6367.14013671875,-33491.67578125,-23213.3828125,-11289.4638671875,0,-9121.009765625,RestSSVEP
1638044537062,5379.751953125,-32272.4765625,-6353.4609375,-33483.78515625,-23191.208984375,-11279.427734375,0,-9131.4921875,RestSSVEP



1638044547061,5353.91357421875,-32337.966796875,-6403.0595703125,-33544.78125,-23338.529296875,-11362.5986328125,0,-9232.052734375,Cue
1638044547062,5346.984375,-32351.669921875,-6422.97509765625,-33555.87109375,-23360.791015625,-11368.72265625,0,-9213.322265625,Cue
1638044547062,5343.92236328125,-32358.419921875,-6412.8720703125,-33555.5546875,-23340.09375,-11363.6494140625,0,-9198.123046875,Cue
1638044547062,5339.63037109375,-32350.841796875,-6403.88671875,-33554.640625,-23337.478515625,-11362.62109375,0,-9179.5712890625,Cue
1638044547063,5333.12646484375,-32357.14453125,-6411.59765625,-33561.61328125,-23352.72265625,-11369.974609375,0,-9183.4150390625,Cue
1638044547063,5329.7509765625,-32364.87890625,-6425.50048828125,-33568.25390625,-23365.28515625,-11376.009765625,0,-9225.81640625,Cue
1638044547064,5340.70361328125,-32352.8984375,-6411.798828125,-33558.39453125,-23360.412109375,-11371.94140625,0,-9242.3125,Cue
1638044547065,5339.3623046875,-32359.759765625,-6409.72021484375,-33559.17578125,-23351.44921875,-11370.130859375,0,-9239.294921875,Cue
1638044547065,5330.7568359375,-32372.724609375,-6421.14208984375,-33568.02734375,-23352.140625,-11374.7353515625,0,-9237.88671875,Cue
1638044547065,5333.26025390625,-32364.900390625,-6416.0458984375,-33565.5234375,-23347.783203125,-11373.6630859375,0,-9223.6484375,Cue
1638044551857,5345.173828125,-32337.341796875,-6460.2353515625,-33567.29296875,-23344.85546875,-11356.630859375,0,-9240.14453125,10Hz
1638044551857,5345.576171875,-32335.150390625,-6462.51513671875,-33568.2734375,-23349.056640625,-11358.1728515625,0,-9224.1845703125,10Hz
1638044551857,5344.48095703125,-32339.77734375,-6462.49267578125,-33567.11328125,-23339.37890625,-11355.8935546875,0,-9200.6708984375,10Hz
1638044551857,5344.5478515625,-32344.0703125,-6465.1748046875,-33568.9453125,-23348.38671875,-11357.6142578125,0,-9164.8408203125,10Hz
1638044551858,5346.89501953125,-32343.66796875,-6460.81640625,-33566.30859375,-23338.216796875,-11356.2060546875,0,-9192.177734375,10Hz
1638044551858,5344.07861328125,-32341.09765625,-6460.32470703125,-33565.75,-23331.0859375,-11356.630859375,0,-9202.1689453125,10Hz
1638044551859,5338.69189453125,-32345.521484375,-6462.87255859375,-33567.1328125,-23343.6484375,-11360.05078125,0,-9212.986328125,10Hz
1638044551859,5337.03759765625,-32350.26171875,-6468.34912109375,-33570.33203125,-23353.818359375,-11362.978515625,0,-9212.025390625,10Hz
1638044551859,5339.9658203125,-32345.3203125,-6462.42578125,-33564.921875,-23340.787109375,-11357.681640625,0,-9201.810546875,10Hz
1638044551859,5346.73828125,-32336,-6446.75732421875,-33555.46875,-23322.861328125,-11349.6572265625,0,-9222.4189453125,10Hz
1638044552238,5327.806640625,-32349.255859375,-6465.15283203125,-33575.4921875,-23336.294921875,-11368.8125,0,-9217.0771484375,RestSSVEP
1638044552238,5323.58203125,-32357.435546875,-6482.765625,-33585.1484375,-23355.830078125,-11375.294921875,0,-9208.9638671875,RestSSVEP
1638044552239,5321.52587890625,-32358.486328125,-6480.86572265625,-33587.921875,-23356.65625,-11378.0888671875,0,-9179.615234375,RestSSVEP
1638044552240,5328.3427734375,-32349.8359375,-6470.025390625,-33580.41015625,-23340.51953125,-11371.875,0,-9176.1064453125,RestSSVEP
1638044552240,5329.9521484375,-32350.998046875,-6469.2431640625,-33576.74609375,-23330.68359375,-11365.548828125,0,-9212.1376953125,RestSSVEP
1638044552240,5321.90576171875,-32364.0078125,-6478.27294921875,-33582.9140625,-23338.1484375,-11368.7900390625,0,-9244.1005859375,RestSSVEP
1638044552240,5331.47216796875,-32342.50390625,-6467.74560546875,-33576.92578125,-23345.48046875,-11368.9912109375,0,-9228.4765625,RestSSVEP
1638044552241,5328.0302734375,-32347.421875,-6480.68701171875,-33586.71484375,-23357.818359375,-11379.7197265625,0,-9208.2705078125,RestSSVEP
1638044552241,5317.12255859375,-32355.267578125,-6481.4248046875,-33593.375,-23351.1796875,-11384.1015625,0,-9182.38671875,RestSSVEP
1638044552241,5307.93603515625,-32364.54296875,-6497.47314453125,-33604.10546875,-23375.4765625,-11393.5107421875,0,-9179.75,RestSSVEP
1638044552644,5300.2021484375,-32372.970703125,-6488.08544921875,-33601.01953125,-23345.81640625,-11382.111328125,0,-9242.5576171875,RestSSVEP
1638044552644,5302.52685546875,-32367.181640625,-6486.7890625,-33597.62109375,-23353.259765625,-11382.0673828125,0,-9238.556640625,RestSSVEP
1638044552644,5303.91259765625,-32369.259765625,-6490.74560546875,-33599.09765625,-23363.853515625,-11382.8720703125,0,-9243.1611328125,RestSSVEP
1638044552645,5304.359375,-32369.662109375,-6489.962890625,-33598.94140625,-23354.64453125,-11383.9443359375,0,-9237.283203125,RestSSVEP
1638044552645,5310.8193359375,-32361.99609375,-6474.29443359375,-33590.40234375,-23342.171875,-11378.736328125,0,-9255.25390625,RestSSVEP
1638044552651,5311.64599609375,-32362.77734375,-6485.4033203125,-33596.32421875,-23357.55078125,-11385.9560546875,0,-9282.43359375,RestSSVEP
1638044552651,5317.4130859375,-32355.603515625,-6484.822265625,-33596.19140625,-23358.04296875,-11386.73828125,0,-9281.4951171875,RestSSVEP
1638044552651,5312.87548828125,-32357.078125,-6483.32470703125,-33597.890625,-23360.501953125,-11387.990234375,0,-9275.6162109375,RestSSVEP
1638044552651,5303.041015625,-32366.578125,-6501.6083984375,-33608.953125,-23386.67578125,-11399.658203125,0,-9279.818359375,RestSSVEP
1638044552651,5305.05224609375,-32368.365234375,-6484.95654296875,-33601.3984375,-23363.919921875,-11390.8740234375,0,-9287.2841796875,RestSSVEP
1638044553302,5321.01171875,-32357.591796875,-6478.2060546875,-33585.3046875,-23350.041015625,-11376.412109375,0,-9163.6787109375,Cue
1638044553309,5324.990234375,-32356.98828125,-6472.2607421875,-33580.03125,-23326.728515625,-11369.728515625,0,-9178.5869140625,Cue
1638044553309,5332.25439453125,-32347.19921875,-6474.56298828125,-33576.54296875,-23335.244140625,-11368.119140625,0,-9202.1240234375,Cue
1638044553309,5325.146484375,-32354.41796875,-6493.49462890625,-33588.1015625,-23360.904296875,-11381.2626953125,0,-9211.6904296875,Cue
1638044553309,5316.18359375,-32364.41015625,-6496.6240234375,-33593.15234375,-23353.572265625,-11385.1962890625,0,-9181.8505859375,Cue
1638044553309,5323.984375,-32351.06640625,-6476.75341796875,-33580.390625,-23333.947265625,-11375.205078125,0,-9171.7919921875,Cue
1638044553309,5321.212890625,-32356.720703125,-6485.33642578125,-33585.9765625,-23351.158203125,-11381.44140625,0,-9183.794921875,Cue
1638044553310,5315.9599609375,-32370.6015625,-6498.30029296875,-33595.1875,-23368.994140625,-11388.0576171875,0,-9180.5546875,Cue
1638044553310,5319.7373046875,-32362.107421875,-6494.54541015625,-33593.578125,-23363.787109375,-11388.705078125,0,-9162.7626953125,Cue
1638044553310,5331.09228515625,-32343.95703125,-6477.49072265625,-33581.796875,-23327.509765625,-11379.5185546875,0,-9143.96484375,Cue
1638044554155,5311.64599609375,-32382.8046875,-6509.23046875,-33611.03515625,-23371.921875,-11392.21484375,0,-9126.6865234375,Cue
1638044554157,5309.947265625,-32388.34765625,-6518.55078125,-33618.3203125,-23385.87109375,-11399.9931640625,0,-9127.5361328125,Cue
1638044554157,5298.25732421875,-32393.421875,-6521.52392578125,-33623.55078125,-23387.234375,-11406.564453125,0,-9128.6982421875,Cue
1638044554157,5297.8330078125,-32399.546875,-6518.50634765625,-33622.34375,-23379.56640625,-11408.5537109375,0,-9131.939453125,Cue
1638044554158,5303.89013671875,-32391.701171875,-6512.31494140625,-33616.44140625,-23363.630859375,-11401.669921875,0,-9126.462890625,Cue
1638044554158,5302.03515625,-32388.1015625,-6510.3701171875,-33616.10546875,-23364.591796875,-11399.255859375,0,-9136.119140625,Cue
1638044554158,5306.25927734375,-32377.240234375,-6503.91064453125,-33613.42578125,-23371.408203125,-11400.7529296875,0,-9139.337890625,Cue
1638044554158,5304.67236328125,-32380.615234375,-6511.46533203125,-33618.38671875,-23383.90234375,-11408.173828125,0,-9140.857421875,Cue
1638044554158,5297.8330078125,-32393.154296875,-6530.419921875,-33627.7734375,-23401.046875,-11417.427734375,0,-9146.6689453125,Cue
1638044554158,5305.9912109375,-32385.12890625,-6515.26513671875,-33618.38671875,-23386.228515625,-11410.587890625,0,-9144.322265625,Cue
1638044555389,5325.66064453125,-32404.576171875,-6524.3623046875,-33622.92578125,-23411.865234375,-11415.5048828125,0,-9118.416015625,12Hz
1638044555389,5337.66357421875,-32393.802734375,-6499.14990234375,-33606.96484375,-23371.296875,-11398.517578125,0,-9139.2255859375,12Hz
1638044555389,5338.1552734375,-32397.958984375,-6499.35107421875,-33605.19921875,-23360.859375,-11394.4052734375,0,-9141.103515625,12Hz
1638044555389,5337.619140625,-32396.6640625,-6503.3740234375,-33606.453125,-23377.533203125,-11398.25,0,-9129.3017578125,12Hz
1638044555389,5335.96484375,-32396.6640625,-6504.67041015625,-33607.234375,-23371.921875,-11397.244140625,0,-9106.5703125,12Hz
1638044555389,5327.404296875,-32410.455078125,-6510.75,-33612.41796875,-23371.005859375,-11397.0205078125,0,-9104.55859375,12Hz
1638044555389,5322.1513671875,-32414.119140625,-6522.9990234375,-33619.28125,-23384.08203125,-11399.9931640625,0,-9105.876953125,12Hz
1638044555389,5322.3525390625,-32409.1796875,-6523.37890625,-33621.91796875,-23390.630859375,-11402.83203125,0,-9102.2333984375,12Hz
1638044555389,5324.69970703125,-32403.525390625,-6512.09130859375,-33615.21484375,-23374.671875,-11398.3837890625,0,-9105.1396484375,12Hz
1638044555390,5325.32568359375,-32399.904296875,-6505.92236328125,-33611.12109375,-23370.8046875,-11395.2099609375,0,-9130.330078125,12Hz
1638044556019,5337.3955078125,-32397.892578125,-6480.240234375,-33598.16015625,-23356.34375,-11371.13671875,0,-9153.576171875,12Hz
1638044556019,5330.533203125,-32408.62109375,-6494.0537109375,-33608.5078125,-23376.90625,-11382.71484375,0,-9146.244140625,12Hz
1638044556021,5328.767578125,-32409.716796875,-6503.70947265625,-33615.1015625,-23392.419921875,-11391.0302734375,0,-9148.4345703125,12Hz
1638044556043,5330.31005859375,-32412.421875,-6497.33935546875,-33609.78125,-23365.8203125,-11383.966796875,0,-9155.8779296875,12Hz
1638044556043,5328.23095703125,-32414.701171875,-6498.412109375,-33609.9140625,-23365.373046875,-11384.9052734375,0,-9151.4296875,12Hz
1638044556043,5327.71728515625,-32415.037109375,-6503.68701171875,-33611.50390625,-23373.12890625,-11386.3359375,0,-9147.607421875,12Hz
1638044556043,5324.65478515625,-32420.1328125,-6504.357421875,-33613.6484375,-23377.578125,-11387.0517578125,0,-9172.7314453125,12Hz
1638044556043,5321.4140625,-32431.95703125,-6510.2138671875,-33617.73828125,-23379.611328125,-11387.6552734375,0,-9162.404296875,12Hz
1638044556044,5330.08642578125,-32421.5859375,-6505.87744140625,-33612.484375,-23375.8125,-11384.2578125,0,-9146.4228515625,12Hz
1638044556045,5330.578125,-32411.884765625,-6506.2353515625,-33608.953125,-23377.265625,-11379.6533203125,0,-9129.2119140625,12Hz


1638044566044,5268.14990234375,-32532.3828125,-6651.43212890625,-33645.92578125,-23415.083984375,-11439.779296875,0,-9091.9521484375,12Hz
1638044566045,5269.826171875,-32529.58984375,-6643.07275390625,-33642.4140625,-23396.173828125,-11434.236328125,0,-9077.4013671875,12Hz
1638044566045,5273.9833984375,-32521.69921875,-6641.99951171875,-33639.95703125,-23392.150390625,-11430.2353515625,0,-9069.533203125,12Hz
1638044566045,5269.73681640625,-32529.4765625,-6647.45361328125,-33645.07421875,-23396.822265625,-11433.9228515625,0,-9079.390625,12Hz
1638044566045,5272.32958984375,-32525.05078125,-6638.06591796875,-33640.6953125,-23389.291015625,-11430.4140625,0,-9097.62890625,12Hz
1638044566046,5274.966796875,-32521.564453125,-6637.26123046875,-33639.21875,-23396.197265625,-11432.068359375,0,-9102.5693359375,12Hz
1638044566046,5270.2509765625,-32529.07421875,-6645.86669921875,-33645.1875,-23404.04296875,-11438.482421875,0,-9097.1376953125,12Hz
1638044566047,5271.63671875,-32527.912109375,-6644.59228515625,-33645.12109375,-23400.509765625,-11437.611328125,0,-9088.1298828125,12Hz
1638044566047,5266.65234375,-32539.244140625,-6652.39306640625,-33649.9921875,-23402.72265625,-11441.03125,0,-9084.576171875,12Hz
1638044566047,5271.50244140625,-32526.34765625,-6639.58544921875,-33643.890625,-23401.2265625,-11440.1591796875,0,-9081.4462890625,12Hz
1638044567890,5270.4072265625,-32511.1484375,-6640.7705078125,-33652.05078125,-23409.138671875,-11451.357421875,0,-9091.4375,12Hz
1638044567890,5276.46435546875,-32504.376953125,-6638.7138671875,-33648.76171875,-23404.66796875,-11448.6748046875,0,-9078.6748046875,12Hz
1638044567890,5275.9951171875,-32505.8515625,-6640.1669921875,-33648.44921875,-23398.498046875,-11445.859375,0,-9065.263671875,12Hz
1638044567891,5274.9892578125,-32506.23046875,-6640.61376953125,-33649.79296875,-23408.021484375,-11449.837890625,0,-9081.1337890625,12Hz
1638044567892,5279.54931640625,-32501.91796875,-6639.22802734375,-33645.6328125,-23413.943359375,-11448.2060546875,0,-9051.919921875,12Hz
1638044567893,5277.53759765625,-32511.416015625,-6638.1328125,-33645.58984375,-23396.7109375,-11444.673828125,0,-9036.2734375,12Hz
1638044567893,5283.974609375,-32503.458984375,-6634.42236328125,-33642.7734375,-23406.634765625,-11445.8369140625,0,-9069.689453125,12Hz
1638044567893,5281.158203125,-32502.6328125,-6634.5791015625,-33642.32421875,-23407.775390625,-11448.18359375,0,-9087.9287109375,12Hz
1638044567893,5270.29541015625,-32514.5234375,-6636.7021484375,-33644.60546875,-23392.888671875,-11446.484375,0,-9090.6552734375,12Hz
1638044567893,5267.814453125,-32512.982421875,-6631.06982421875,-33647.04296875,-23398.296875,-11450.955078125,0,-9094.34375,12Hz
1638044568253,5297.1845703125,-32484.03515625,-6618.03857421875,-33613.3125,-23390.5859375,-11433.2529296875,0,-9034.6865234375,12Hz
1638044568253,5292.625,-32490.763671875,-6615.5576171875,-33614.4765625,-23378.962890625,-11430.7265625,0,-9031.490234375,12Hz
1638044568254,5293.34033203125,-32486.3828125,-6612.7861328125,-33613.60546875,-23378.673828125,-11430.5029296875,0,-9021.8125,12Hz
1638044568266,5292.28955078125,-32491.703125,-6619.7373046875,-33614.96875,-23380.953125,-11431.2412109375,0,-9016.0234375,RestSSVEP
1638044568266,5305.1640625,-32470.3125,-6597.9892578125,-33603.03125,-23379.27734375,-11425.138671875,0,-9025.9697265625,RestSSVEP
1638044568266,5304.24755859375,-32472.32421875,-6600.7158203125,-33606.29296875,-23387.14453125,-11429.0283203125,0,-9026.8857421875,RestSSVEP
1638044568266,5297.564453125,-32482.025390625,-6609.23193359375,-33612.21875,-23384.373046875,-11432.783203125,0,-9014.2578125,RestSSVEP
1638044568266,5288.154296875,-32493.244140625,-6621.123046875,-33622.4765625,-23393.9609375,-11441.1650390625,0,-9004.3779296875,RestSSVEP
1638044568267,5284.48876953125,-32497.134765625,-6622.26318359375,-33625.65234375,-23389,-11443.0654296875,0,-9000.6455078125,RestSSVEP
1638044568267,5286.09814453125,-32487.34375,-6620.67626953125,-33625.11328125,-23395.68359375,-11445.7021484375,0,-9006.2109375,RestSSVEP
1638044568694,5189.60546875,-32579.58984375,-6701.25439453125,-33715.19140625,-23475.009765625,-11537.322265625,0,-9364.2861328125,RestSSVEP
1638044568694,5196.802734375,-32563.564453125,-6690.3466796875,-33706.25,-23471.947265625,-11531.8017578125,0,-9356.6416015625,RestSSVEP
1638044568694,5206.615234375,-32547.939453125,-6678.00830078125,-33696.6171875,-23459.810546875,-11523.7548828125,0,-9355.2783203125,RestSSVEP
1638044568694,5201.2734375,-32559.00390625,-6686.97119140625,-33703.12109375,-23463.587890625,-11528.4931640625,0,-9414.8896484375,RestSSVEP
1638044568694,5193.830078125,-32570.58203125,-6701.857421875,-33713.6484375,-23488.6875,-11537.8583984375,0,-9449.1103515625,RestSSVEP
1638044568695,5202.12255859375,-32560.724609375,-6686.83740234375,-33706.0078125,-23481.021484375,-11534.1484375,0,-9415.806640625,RestSSVEP
1638044568695,5201.228515625,-32561.10546875,-6686.1220703125,-33704.171875,-23467.87890625,-11531.130859375,0,-9407.7373046875,RestSSVEP
1638044568695,5193.18212890625,-32576.974609375,-6695.263671875,-33709.29296875,-23467.6328125,-11531.376953125,0,-9398.55078125,RestSSVEP
1638044568696,5202.4580078125,-32565.1953125,-6684.6689453125,-33700.328125,-23455.40625,-11522.771484375,0,-9390.080078125,RestSSVEP
1638044568696,5213.29833984375,-32544.453125,-6679.505859375,-33691.43359375,-23457.283203125,-11517.4296875,0,-9389.9453125,RestSSVEP
1638044569440,5211.6220703125,-32568.75,-6685.3173828125,-33684.83984375,-23446.197265625,-11522.123046875,0,-9180.353515625,Cue
1638044569440,5220.0712890625,-32557.373046875,-6683.26123046875,-33678.3359375,-23446.64453125,-11517.9658203125,0,-9203.15234375,Cue
1638044569442,5221.0546875,-32556.298828125,-6680.35546875,-33677.171875,-23454.423828125,-11519.8212890625,0,-9291.2626953125,Cue
1638044569442,5221.12158203125,-32559.875,-6676.22021484375,-33673.88671875,-23440.966796875,-11515.1044921875,0,-9298.4150390625,Cue
1638044569442,5224.11669921875,-32555.650390625,-6681.96435546875,-33673.21484375,-23449.4609375,-11514.5458984375,0,-9268.1728515625,Cue
1638044569442,5227.4248046875,-32550.15234375,-6686.345703125,-33673.9296875,-23461.5078125,-11516.0654296875,0,-9222.7763671875,Cue
1638044569442,5229.3916015625,-32552.767578125,-6673.359375,-33668.25390625,-23430.41796875,-11507.0361328125,0,-9170.9208984375,Cue
1638044569443,5226.88818359375,-32561.73046875,-6682.21044921875,-33672.234375,-23427.66796875,-11506.2529296875,0,-9213.9921875,Cue
1638044569443,5237.52783203125,-32543.4921875,-6672.107421875,-33662.734375,-23430.484375,-11501.3359375,0,-9289.921875,Cue
1638044569443,5249.0390625,-32525.900390625,-6662.00439453125,-33654.8203125,-23435.111328125,-11498.2294921875,0,-9301.8349609375,Cue
1638044571392,5210.16943359375,-32610.546875,-6743.23095703125,-33706.5859375,-23487.34765625,-11552.365234375,0,-9756.1337890625,10Hz
1638044571393,5213.96923828125,-32607.306640625,-6740.7275390625,-33702.609375,-23479.478515625,-11548.7216796875,0,-9763.9345703125,10Hz
1638044571393,5214.8408203125,-32600.287109375,-6734.80419921875,-33700.77734375,-23466.939453125,-11548.3193359375,0,-9749.763671875,10Hz
1638044571394,5220.56298828125,-32590.318359375,-6719.38134765625,-33693.625,-23457.0390625,-11543.7373046875,0,-9735.16796875,10Hz
1638044571396,5220.8310546875,-32594.119140625,-6725.17041015625,-33695.390625,-23459.697265625,-11546.375,0,-9768.2041015625,10Hz
1638044571396,5213.7900390625,-32604.869140625,-6740.61572265625,-33706.02734375,-23481.736328125,-11557.0361328125,0,-9791.4501953125,10Hz
1638044571399,5208.51513671875,-32610.0546875,-6748.259765625,-33710.609375,-23488.978515625,-11560.5458984375,0,-9783.1796875,10Hz
1638044571400,5207.37548828125,-32614.4140625,-6742.15771484375,-33709.15625,-23477.064453125,-11554.8017578125,0,-9755.0166015625,10Hz
1638044571400,5204.35791015625,-32619.21875,-6741.75537109375,-33710.09765625,-23474.65234375,-11554.689453125,0,-9745.8974609375,10Hz
1638044571400,5204.849609375,-32614.34765625,-6748.4833984375,-33713.08984375,-23489.26953125,-11562.087890625,0,-9750.3671875,10Hz
1638044572099,5231.33642578125,-32604.19921875,-6737.01708984375,-33684.7265625,-23466.939453125,-11537.568359375,0,-9749.8759765625,10Hz
1638044572099,5230.17431640625,-32606.076171875,-6729.931640625,-33682.87109375,-23457.150390625,-11534.4384765625,0,-9734.318359375,10Hz
1638044572100,5243.09326171875,-32586.65234375,-6710.5302734375,-33667.80859375,-23440.720703125,-11520.6923828125,0,-9728.529296875,10Hz
1638044572100,5233.236328125,-32599.28125,-6725.77392578125,-33679.7421875,-23461.642578125,-11529.7900390625,0,-9755.8212890625,10Hz
1638044572100,5221.859375,-32612.537109375,-6735.67578125,-33689.48828125,-23479.3671875,-11540.8759765625,0,-9762.59375,10Hz
1638044572101,5228.14013671875,-32604.154296875,-6733.35107421875,-33685.44140625,-23473.287109375,-11538.3505859375,0,-9771.3779296875,10Hz
1638044572101,5227.96142578125,-32606.322265625,-6734.96044921875,-33686.5390625,-23465.95703125,-11537.7021484375,0,-9786.30859375,10Hz
1638044572101,5231.26953125,-32597.046875,-6737.0615234375,-33688.125,-23479.14453125,-11543.6923828125,0,-9770.39453125,10Hz
1638044572101,5232.07421875,-32591.234375,-6718.42041015625,-33680.19140625,-23450.310546875,-11537.1435546875,0,-9763.197265625,10Hz
1638044572101,5235.56103515625,-32591.078125,-6713.7041015625,-33675.33984375,-23443.515625,-11531.3095703125,0,-9760.380859375,10Hz


1638044582100,5129.01025390625,-32794.81640625,-6914.84765625,-33809.33984375,-23658.361328125,-11673.3330078125,0,-9608.76953125,15Hz
1638044582101,5130.708984375,-32793.96484375,-6917.41796875,-33809.1796875,-23668.5078125,-11674.5615234375,0,-9611.1611328125,15Hz
1638044582101,5128.33935546875,-32798.97265625,-6928.52685546875,-33814.03125,-23683.169921875,-11679.61328125,0,-9653.517578125,15Hz
1638044582101,5126.95361328125,-32806.86328125,-6930.13623046875,-33816.6015625,-23670.564453125,-11676.796875,0,-9656.8251953125,15Hz
1638044582101,5131.2900390625,-32798.45703125,-6928.45947265625,-33815.37109375,-23669.291015625,-11676.0595703125,0,-9644.4423828125,15Hz
1638044582101,5128.40673828125,-32799.91015625,-6935.90283203125,-33817.140625,-23677.203125,-11676.193359375,0,-9635.9931640625,15Hz
1638044582101,5129.8818359375,-32799.2421875,-6929.6220703125,-33813.47265625,-23667.748046875,-11671.857421875,0,-9615.4970703125,15Hz
1638044582101,5129.9267578125,-32797.98828125,-6920.12255859375,-33810.0078125,-23658.673828125,-11667.9677734375,0,-9622.962890625,15Hz
1638044582102,5127.892578125,-32800.76171875,-6922.3798828125,-33812.9609375,-23654.091796875,-11669.443359375,0,-9648.48828125,15Hz
1638044582102,5120.35986328125,-32809.38671875,-6935.12060546875,-33822.83984375,-23670.630859375,-11677.53515625,0,-9642.5205078125,15Hz
1638044583919,5139.96240234375,-32805.34375,-6904.74462890625,-33790.40625,-23646.08984375,-11633.904296875,0,-9555.3935546875,15Hz
1638044583920,5136.453125,-32808.4921875,-6906.599609375,-33794.33984375,-23660.193359375,-11640.7666015625,0,-9549.2021484375,15Hz
1638044583920,5132.18408203125,-32815.51171875,-6914.5791015625,-33801.984375,-23666.720703125,-11647.1591796875,0,-9543.2333984375,15Hz
1638044583921,5132.0947265625,-32814.5078125,-6910.48876953125,-33802.765625,-23664.91015625,-11648.0751953125,0,-9538.5849609375,15Hz
1638044583921,5130.41845703125,-32816.36328125,-6920.234375,-33808.6015625,-23680.82421875,-11653.7080078125,0,-9525.44140625,15Hz
1638044583922,5121.81298828125,-32826.64453125,-6938.24951171875,-33819.9765625,-23697.275390625,-11667.0966796875,0,-9531.208984375,15Hz
1638044583922,5125.79150390625,-32821.81640625,-6921.2177734375,-33811.39453125,-23676.689453125,-11660.1005859375,0,-9545.1337890625,15Hz
1638044583922,5129.9267578125,-32821.7265625,-6925.5986328125,-33811.9296875,-23679.416015625,-11660.9501953125,0,-9547.3466796875,15Hz
1638044583922,5132.6533203125,-32816.80859375,-6917.015625,-33807.19140625,-23662.048828125,-11654.5791015625,0,-9563.57421875,15Hz
1638044583922,5133.92724609375,-32814.70703125,-6910.8466796875,-33804.578125,-23662.25,-11652.2099609375,0,-9557.8740234375,15Hz
1638044584293,5144.81298828125,-32808.984375,-6913.439453125,-33801.671875,-23656.482421875,-11643.560546875,0,-9566.412109375,15Hz
1638044584293,5151.09375,-32800.046875,-6891.802734375,-33789.22265625,-23635.650390625,-11632.5185546875,0,-9569.8544921875,15Hz
1638044584293,5154.826171875,-32794.5,-6885.6337890625,-33786.5625,-23642.423828125,-11637.1005859375,0,-9560.310546875,15Hz
1638044584293,5145.908203125,-32798.2578125,-6900.07275390625,-33797.71484375,-23660.953125,-11652.5009765625,0,-9565.7421875,15Hz
1638044584293,5138.4423828125,-32804.11328125,-6902.91162109375,-33802.56640625,-23664.060546875,-11656.703125,0,-9570.5029296875,15Hz
1638044584293,5139.38134765625,-32805.140625,-6902.28564453125,-33801.44921875,-23659.0078125,-11654.1767578125,0,-9571.240234375,15Hz
1638044584293,5138.97900390625,-32810.05859375,-6906.845703125,-33800.75390625,-23653.978515625,-11650.310546875,0,-9601.9296875,15Hz
1638044584293,5139.91796875,-32806.32421875,-6907.29248046875,-33799.5703125,-23660.595703125,-11649.416015625,0,-9609.931640625,15Hz
1638044584295,5141.83984375,-32804.40234375,-6909.52783203125,-33797.6015625,-23661.154296875,-11647.8515625,0,-9589.3232421875,15Hz
1638044584295,5146.4443359375,-32799.77734375,-6904.2080078125,-33793.53515625,-23656.55078125,-11643.984375,0,-9579.8232421875,15Hz
1638044584691,5111.0615234375,-32833.50390625,-6933.33251953125,-33830.52734375,-23689.921875,-11676.7080078125,0,-9578.974609375,RestSSVEP
1638044584692,5109.63134765625,-32839.71875,-6936.1708984375,-33831.19921875,-23687.751953125,-11674.47265625,0,-9578.2587890625,RestSSVEP
1638044584692,5114.54833984375,-32832.45703125,-6928.638671875,-33826.66015625,-23689.138671875,-11669.2197265625,0,-9549.939453125,RestSSVEP
1638044584692,5115.107421875,-32829.640625,-6920.1669921875,-33824.3359375,-23692.24609375,-11668.7509765625,0,-9554.4765625,RestSSVEP
1638044584692,5108.96044921875,-32835.875,-6926.11279296875,-33827.48828125,-23689.294921875,-11671.09765625,0,-9552.21875,RestSSVEP
1638044584692,5113.69921875,-32830.375,-6927.05126953125,-33824.11328125,-23683.283203125,-11668.7724609375,0,-9570.8154296875,RestSSVEP
1638044584692,5117.74462890625,-32829.640625,-6924.70458984375,-33822.2578125,-23683.37109375,-11667.7001953125,0,-9587.2216796875,RestSSVEP
1638044584693,5110.01123046875,-32841.8203125,-6935.09814453125,-33830.75,-23702.6171875,-11678.697265625,0,-9591.826171875,RestSSVEP
1638044584693,5115.2412109375,-32827.08984375,-6933.44384765625,-33826.28125,-23709.724609375,-11680.150390625,0,-9570.97265625,RestSSVEP
1638044584693,5120.494140625,-32825.48046875,-6924.72705078125,-33818.2109375,-23679.908203125,-11669.4208984375,0,-9554.9462890625,RestSSVEP
1638044585241,5122.61767578125,-32825.703125,-6928.50439453125,-33812.98046875,-23666.1171875,-11664.6376953125,0,-9622.671875,RestSSVEP
1638044585242,5132.072265625,-32804.4921875,-6902.822265625,-33802.05078125,-23657.466796875,-11658.111328125,0,-9627.947265625,RestSSVEP
1638044585242,5130.01611328125,-32806.86328125,-6906.3759765625,-33804.64453125,-23659.052734375,-11660.0107421875,0,-9631.076171875,RestSSVEP
1638044585242,5124.6513671875,-32813.96875,-6914.9814453125,-33811.41796875,-23666.40625,-11666.0458984375,0,-9609.6181640625,RestSSVEP
1638044585243,5134.486328125,-32798.8828125,-6907.560546875,-33803.21484375,-23658.427734375,-11662.0224609375,0,-9615.5419921875,RestSSVEP
1638044585243,5127.95947265625,-32809.7890625,-6924.48095703125,-33813.09375,-23680.533203125,-11672.9970703125,0,-9647.99609375,RestSSVEP
1638044585243,5117.38720703125,-32821.2109375,-6933.26513671875,-33822.90625,-23689.318359375,-11683.123046875,0,-9646.6103515625,RestSSVEP
1638044585243,5119.53271484375,-32815.109375,-6923.609375,-33818.27734375,-23672.240234375,-11678.138671875,0,-9613.57421875,RestSSVEP
1638044585244,5116.15771484375,-32820.38671875,-6929.3984375,-33826.32421875,-23686.412109375,-11684.4638671875,0,-9603.8291015625,RestSSVEP
1638044585244,5111.93359375,-32831.40625,-6934.27099609375,-33831.46484375,-23688.423828125,-11689.671875,0,-9631.27734375,RestSSVEP

1638044587442,5082.83154296875,-32851.23046875,-6986.171875,-33865.53125,-23693.720703125,-11770.16015625,0,-9522.603515625,15Hz
1638044587442,5089.5146484375,-32840.5,-6970.45849609375,-33854.1328125,-23680.064453125,-11758.537109375,0,-9529.30859375,15Hz
1638044587442,5084.6640625,-32851.58984375,-6983.35546875,-33860.703125,-23691.0390625,-11762.4267578125,0,-9571.7099609375,15Hz
1638044587442,5082.138671875,-32855.4765625,-6987.08837890625,-33864.61328125,-23699.15234375,-11765.935546875,0,-9572.1796875,15Hz
1638044587442,5092.19677734375,-32835.8984375,-6976.02392578125,-33856.92578125,-23690.2109375,-11763.3203125,0,-9592.5419921875,15Hz
1638044587442,5092.6884765625,-32836.58984375,-6981.388671875,-33859.09375,-23695.7109375,-11768.0595703125,0,-9587.5576171875,15Hz
1638044587442,5087.8828125,-32845.91015625,-6992.43017578125,-33866.4921875,-23699.935546875,-11773.0888671875,0,-9574.5263671875,15Hz
1638044587443,5090.69921875,-32847.51953125,-6986.775390625,-33862.73828125,-23678.857421875,-11764.6845703125,0,-9546.8994140625,15Hz
1638044587443,5085.44677734375,-32855.3203125,-6992.3408203125,-33870.671875,-23697.900390625,-11772.0830078125,0,-9527.69921875,15Hz
1638044587443,5088.5087890625,-32851.56640625,-6989.3681640625,-33868.52734375,-23703.287109375,-11773.8935546875,0,-9539.724609375,15Hz
1638044587962,5064.078125,-32873.24609375,-7013.306640625,-33880.484375,-23708.025390625,-11793.9873046875,0,-9635.5244140625,15Hz
1638044587963,5055.4951171875,-32886.92578125,-7028.953125,-33886.71875,-23711.802734375,-11796.8037109375,0,-9632.685546875,15Hz
1638044587963,5062.0888671875,-32875.97265625,-7019.83349609375,-33881.37890625,-23722.755859375,-11796.1103515625,0,-9635.814453125,15Hz
1638044587964,5064.3017578125,-32875.3046875,-7014.513671875,-33880.484375,-23732.970703125,-11795.6640625,0,-9603.94140625,15Hz
1638044587964,5069.7333984375,-32868.328125,-7004.63427734375,-33873.21875,-23719.693359375,-11787.416015625,0,-9580.0244140625,15Hz
1638044587964,5072.97412109375,-32866.9453125,-7004.1201171875,-33869.41796875,-23710.640625,-11783.3037109375,0,-9600.923828125,15Hz
1638044587964,5070.44873046875,-32871.48046875,-7011.63037109375,-33872.8828125,-23719.4921875,-11788.6005859375,0,-9643.705078125,15Hz
1638044587965,5070.3369140625,-32873.13671875,-7014.89404296875,-33875.05078125,-23722.62109375,-11791.193359375,0,-9640.642578125,15Hz
1638044587965,5070.40380859375,-32874.58984375,-7014.44677734375,-33878.62890625,-23724.767578125,-11793.5400390625,0,-9639.6142578125,15Hz
1638044587965,5072.68359375,-32868.5546875,-7006.1767578125,-33874.42578125,-23707.646484375,-11788.2431640625,0,-9633.2216796875,15Hz
1638044590692,5068.16845703125,-32853.19921875,-7027.544921875,-33879.03125,-23691.552734375,-11802.66015625,0,-9584.71875,15Hz
1638044590692,5057.99853515625,-32874.05078125,-7044.82275390625,-33891.59375,-23702.59375,-11812.29296875,0,-9570.435546875,15Hz
1638044590692,5052.83544921875,-32886.65625,-7057.45166015625,-33900.421875,-23724.767578125,-11821.546875,0,-9545.021484375,15Hz
1638044590692,5062.87109375,-32866.9453125,-7044.912109375,-33893.78125,-23727.806640625,-11818.7978515625,0,-9563.126953125,15Hz
1638044590692,5053.99755859375,-32872.91015625,-7051.28271484375,-33898.8125,-23734.46875,-11821.837890625,0,-9588.6748046875,15Hz
1638044590692,5055.18212890625,-32877.47265625,-7055.775390625,-33899.08203125,-23732.34375,-11821.4130859375,0,-9590.708984375,15Hz
1638044590692,5054.98095703125,-32875.52734375,-7054.83642578125,-33899.55078125,-23734.267578125,-11823.55859375,0,-9620.4814453125,15Hz
1638044590693,5049.84033203125,-32879.90625,-7064.64892578125,-33905.78515625,-23747.990234375,-11830.95703125,0,-9627.142578125,15Hz
1638044590693,5049.326171875,-32883.41796875,-7063.41943359375,-33906.1875,-23746.537109375,-11829.9736328125,0,-9596.095703125,15Hz
1638044590693,5048.72265625,-32888.55859375,-7063.62060546875,-33906.30078125,-23741.21875,-11829.302734375,0,-9574.75,15Hz
1638044591041,5038.77587890625,-32890.7265625,-7068.716796875,-33911.6640625,-23742.11328125,-11834.734375,0,-9636.91015625,15Hz
1638044591042,5043.5595703125,-32882.65625,-7058.23388671875,-33907.6640625,-23739.162109375,-11833.21484375,0,-9628.70703125,15Hz
1638044591042,5041.23486328125,-32882.2109375,-7061.9443359375,-33910.66015625,-23743.095703125,-11837.3046875,0,-9626.94140625,15Hz
1638044591043,5032.361328125,-32898.21484375,-7074.05908203125,-33918.078125,-23746.470703125,-11841.931640625,0,-9620.548828125,15Hz
1638044591043,5033.43408203125,-32896.55859375,-7074.64013671875,-33917.1171875,-23740.033203125,-11838.84765625,0,-9629.98046875,15Hz
1638044591043,5037.39013671875,-32892.46875,-7077.43408203125,-33919.30859375,-23752.88671875,-11843.630859375,0,-9627.8125,15Hz
1638044591043,5039.9609375,-32879.55078125,-7067.30859375,-33915.57421875,-23757.556640625,-11843.2734375,0,-9654.322265625,15Hz
1638044591044,5029.298828125,-32892.359375,-7071.64501953125,-33916.984375,-23747.767578125,-11840.9482421875,0,-9634.80859375,15Hz
1638044591044,5022.75,-32908.7421875,-7092.61083984375,-33929.2109375,-23772.845703125,-11851.029296875,0,-9635.412109375,15Hz
1638044591044,5019.486328125,-32909.03125,-7097.05908203125,-33935.1796875,-23791.330078125,-11858.1591796875,0,-9650.1865234375,15Hz
1638044592341,5022.5712890625,-32897.765625,-7077.61279296875,-33921.3203125,-23748.19140625,-11839.451171875,0,-9629.376953125,RestSSVEP
1638044592342,5026.1025390625,-32888.55859375,-7076.6962890625,-33919.5546875,-23760.955078125,-11843.4072265625,0,-9649.8291015625,RestSSVEP
1638044592342,5021.9677734375,-32893.4296875,-7085.927734375,-33924.875,-23770.90234375,-11848.81640625,0,-9649.6279296875,RestSSVEP
1638044592342,5020.44775390625,-32895.421875,-7083.513671875,-33924.5625,-23765.26953125,-11848.97265625,0,-9614.580078125,RestSSVEP
1638044592342,5025.58837890625,-32886.234375,-7081.97119140625,-33921.27734375,-23761.759765625,-11846.6708984375,0,-9633.7587890625,RestSSVEP
1638044592343,5031.4892578125,-32881.8984375,-7073.45556640625,-33915.15234375,-23755.27734375,-11840.1435546875,0,-9647.728515625,RestSSVEP
1638044592343,5030.99755859375,-32882.8359375,-7071.97998046875,-33914.50390625,-23750.025390625,-11838.51171875,0,-9621.8671875,RestSSVEP
1638044592343,5031.9140625,-32882.14453125,-7073.74609375,-33913.921875,-23747.56640625,-11838.1767578125,0,-9613.6416015625,RestSSVEP
1638044592344,5033.568359375,-32881.13671875,-7076.22705078125,-33913.33984375,-23752.505859375,-11836.5,0,-9648.0634765625,RestSSVEP
1638044592344,5029.05322265625,-32889.5625,-7081.79248046875,-33916.203125,-23757.19921875,-11836.9697265625,0,-9679.0205078125,RestSSVEP
1638044593591,5116.80615234375,-32795.3515625,-6999.314453125,-33827.01953125,-23674.23046875,-11759.1181640625,0,-9574.2578125,Cue
1638044593592,5114.056640625,-32799.77734375,-6995.67138671875,-33827.734375,-23665.513671875,-11759.7001953125,0,-9602.533203125,Cue
1638044593592,5121.03076171875,-32793.40625,-6979.6005859375,-33816.421875,-23628.7890625,-11746.802734375,0,-9635.3671875,Cue
1638044593594,5115.17431640625,-32802.4609375,-6994.9111328125,-33826.48046875,-23655.923828125,-11759.9453125,0,-9654.3662109375,Cue
1638044593594,5111.4638671875,-32805.07421875,-7005.08154296875,-33835.109375,-23672.53125,-11770.6298828125,0,-9618.5810546875,Cue
1638044593594,5112.80517578125,-32803.84375,-7006.400390625,-33834.75390625,-23673.4921875,-11768.9306640625,0,-9621.576171875,Cue
1638044593594,5116.18017578125,-32805.3203125,-6995.1796875,-33828.0234375,-23654.560546875,-11759.9228515625,0,-9675.3544921875,Cue
1638044593594,5114.50390625,-32802.59375,-6993.88330078125,-33828.76171875,-23656.05859375,-11763.0751953125,0,-9709.1728515625,Cue
1638044593595,5108.98291015625,-32806.1484375,-6999.87353515625,-33833.27734375,-23664.708984375,-11770.0263671875,0,-9728.462890625,Cue
1638044593595,5107.37353515625,-32805.453125,-6996.22998046875,-33832.8515625,-23664.193359375,-11771.8369140625,0,-9733,Cue
1638044595392,5099.908203125,-32859.30078125,-7039.7490234375,-33846.77734375,-23690.255859375,-11790.3662109375,0,-9558.25390625,15Hz
1638044595392,5095.59423828125,-32865.9375,-7049.22607421875,-33851.13671875,-23699.353515625,-11795.1494140625,0,-9533.2646484375,15Hz
1638044595392,5090.3193359375,-32876.0390625,-7055.5068359375,-33856.34375,-23712.16015625,-11801.9443359375,0,-9553.224609375,15Hz
1638044595392,5090.05078125,-32878.140625,-7053.20458984375,-33855.13671875,-23706.640625,-11800.1787109375,0,-9566.1220703125,15Hz
1638044595392,5097.5166015625,-32868.328125,-7049.494140625,-33849.390625,-23711.37890625,-11795.171875,0,-9547.3466796875,15Hz
1638044595392,5091.90625,-32876.66796875,-7058.5244140625,-33854.7578125,-23708.31640625,-11797.8544921875,0,-9523.564453125,15Hz
1638044595392,5082.853515625,-32886.97265625,-7067.44287109375,-33865.30859375,-23718.53125,-11807.0634765625,0,-9511.29296875,15Hz
1638044595393,5087.9052734375,-32870.8984375,-7042.65478515625,-33856.27734375,-23703.130859375,-11800.3349609375,0,-9505.6376953125,15Hz
1638044595393,5094.6552734375,-32858.49609375,-7036.3740234375,-33849.68359375,-23692.3359375,-11794.166015625,0,-9523.83203125,15Hz
1638044595394,5094.61083984375,-32862.5390625,-7041.73828125,-33850.77734375,-23694.771484375,-11796.1552734375,0,-9538.1826171875,15Hz


1638044605393,5077.9365234375,-32987.015625,-7136.2412109375,-33876.55078125,-23742.044921875,-11902.21484375,0,-9538.875,10Hz
1638044605393,5087.6591796875,-32978.078125,-7135.5263671875,-33872.21484375,-23744.369140625,-11900.560546875,0,-9574.1689453125,10Hz
1638044605393,5083.546875,-32985.5859375,-7143.41650390625,-33878.78515625,-23751.232421875,-11906.3046875,0,-9582.4384765625,10Hz
1638044605393,5082.58544921875,-32992.984375,-7152.13330078125,-33884.39453125,-23760.6875,-11911.2666015625,0,-9566.6357421875,10Hz
1638044605393,5086.76513671875,-32987.8671875,-7152.80419921875,-33882.98828125,-23760.26171875,-11909.9033203125,0,-9561.2265625,10Hz
1638044605394,5094.81201171875,-32984.87109375,-7157.05078125,-33883.76953125,-23769.896484375,-11911.9599609375,0,-9541.1103515625,10Hz
1638044605394,5091.54833984375,-32981.62890625,-7156.4921875,-33885.421875,-23780.177734375,-11915.759765625,0,-9516.076171875,10Hz
1638044605394,5082.76416015625,-32990.7734375,-7156.849609375,-33886.47265625,-23762.18359375,-11913.234375,0,-9526.1796875,10Hz
1638044605394,5084.21728515625,-32987.8671875,-7159.62158203125,-33884.3046875,-23767.548828125,-11913.45703125,0,-9578.99609375,10Hz
1638044605394,5083.8818359375,-32990.16796875,-7163.3095703125,-33887.03125,-23782.30078125,-11916.810546875,0,-9572.2236328125,10Hz
1638044607654,5084.99951171875,-33000.16015625,-7169.97021484375,-33881.625,-23771.505859375,-11903.130859375,0,-9568.71484375,10Hz
1638044607654,5083.748046875,-33007.19921875,-7174.57470703125,-33882.2734375,-23765.291015625,-11900.9853515625,0,-9536.4833984375,10Hz
1638044607654,5074.494140625,-33023.60546875,-7191.11474609375,-33893.8515625,-23787.3515625,-11911.646484375,0,-9511.3603515625,10Hz
1638044607655,5078.0703125,-33019.94140625,-7191.58447265625,-33892.8671875,-23782.61328125,-11909.814453125,0,-9560.2431640625,10Hz
1638044607655,5074.20361328125,-33018.53515625,-7196.74755859375,-33895.83984375,-23790.66015625,-11912.1611328125,0,-9582.2822265625,10Hz
1638044607656,5078.3388671875,-33014.9140625,-7194.04296875,-33891.48046875,-23794.951171875,-11907.244140625,0,-9585.166015625,10Hz
1638044607656,5086.1171875,-33003.4921875,-7164.53857421875,-33877.53515625,-23765.671875,-11893.4970703125,0,-9577.923828125,10Hz
1638044607657,5087.681640625,-33001.8828125,-7166.95263671875,-33877.578125,-23773.44921875,-11890.4794921875,0,-9555.0126953125,10Hz
1638044607657,5092.8671875,-32994.50390625,-7167.064453125,-33875.07421875,-23775.572265625,-11889.8095703125,0,-9536.86328125,10Hz
1638044607657,5088.5087890625,-33004.78515625,-7175.96044921875,-33878.5390625,-23773.427734375,-11892.6259765625,0,-9523.0947265625,10Hz
1638044608020,5126.72998046875,-32961.671875,-7120.23779296875,-33833.87890625,-23733.015625,-11853.1298828125,0,-9535.2314453125,10Hz
1638044608021,5123.0419921875,-32969.26953125,-7133.60400390625,-33840.3828125,-23745.80078125,-11857.869140625,0,-9515.427734375,10Hz
1638044608021,5108.8935546875,-32993.9921875,-7157.38623046875,-33858.109375,-23765.470703125,-11869.5361328125,0,-9523.876953125,10Hz
1638044608021,5102.4560546875,-33004.5625,-7167.98095703125,-33865.12890625,-23770.744140625,-11873.4921875,0,-9540.9541015625,10Hz
1638044608022,5119.62255859375,-32975.796875,-7138.119140625,-33846.3984375,-23751.1640625,-11860.751953125,0,-9524.369140625,10Hz
1638044608022,5114.705078125,-32983.375,-7142.4775390625,-33849.3046875,-23745.0625,-11860.751953125,0,-9519.451171875,10Hz
1638044608023,5107.35107421875,-32992.44921875,-7159.0849609375,-33858.6015625,-23764.1953125,-11868.59765625,0,-9507.3818359375,10Hz
1638044608023,5103.77490234375,-32994.99609375,-7161.431640625,-33861.6875,-23771.21484375,-11872.77734375,0,-9498.552734375,10Hz
1638044608023,5102.7021484375,-32999.4453125,-7152.669921875,-33858.37890625,-23741.912109375,-11865.625,0,-9501.9951171875,10Hz
1638044608023,5102.54541015625,-33001.0078125,-7154.16748046875,-33857.4609375,-23737.150390625,-11864.9990234375,0,-9517.126953125,10Hz
1638044608390,5102.36669921875,-32993.3203125,-7151.865234375,-33859.62890625,-23751.12109375,-11868.5751953125,0,-9499.7373046875,RestSSVEP
1638044608391,5107.7314453125,-32978.16796875,-7136.4873046875,-33851.76171875,-23753.2890625,-11865.3564453125,0,-9487.3994140625,RestSSVEP
1638044608391,5110.18994140625,-32977.18359375,-7131.74853515625,-33847.94140625,-23739.251953125,-11860.349609375,0,-9478.2353515625,RestSSVEP
1638044608391,5105.60791015625,-32987.12890625,-7145.33837890625,-33855.8984375,-23750.650390625,-11866.6083984375,0,-9484.203125,RestSSVEP
1638044608391,5100.17626953125,-32994.73046875,-7156.20166015625,-33861.91015625,-23763.458984375,-11873.7607421875,0,-9496.9658203125,RestSSVEP
1638044608391,5097.046875,-32998.91015625,-7161.029296875,-33864.8359375,-23766.23046875,-11875.794921875,0,-9506.2197265625,RestSSVEP
1638044608391,5094.1416015625,-33001.94921875,-7159.8671875,-33864.9921875,-23764.083984375,-11874.1181640625,0,-9518.333984375,RestSSVEP
1638044608392,5096.22021484375,-32998.59375,-7157.34130859375,-33863.16015625,-23761.759765625,-11872.1513671875,0,-9507.9404296875,RestSSVEP
1638044608392,5097.4716796875,-32998.86328125,-7160.73876953125,-33864.63671875,-23759.76953125,-11873.5146484375,0,-9496.09375,RestSSVEP
1638044608392,5094.74462890625,-33003.78125,-7167.39990234375,-33870.46875,-23762.453125,-11878.3203125,0,-9496.294921875,RestSSVEP
1638044608960,5135.5146484375,-32970.296875,-7134.40869140625,-33833.5,-23725.392578125,-11845.8212890625,0,-9453.759765625,RestSSVEP
1638044608961,5132.2509765625,-32976.421875,-7138.56591796875,-33837.7265625,-23731.2265625,-11848.369140625,0,-9427.138671875,RestSSVEP
1638044608961,5132.6533203125,-32982.43359375,-7143.37158203125,-33839.24609375,-23726.197265625,-11847.0732421875,0,-9433.888671875,RestSSVEP
1638044608962,5126.14892578125,-32988.73828125,-7150.18896484375,-33844.33984375,-23739.2734375,-11850.42578125,0,-9432.279296875,RestSSVEP
1638044608963,5124.0927734375,-32985.51953125,-7152.80419921875,-33845.0546875,-23753.646484375,-11853.7783203125,0,-9438.068359375,RestSSVEP
1638044608964,5131.75927734375,-32966.83203125,-7139.54931640625,-33836.203125,-23745.93359375,-11847.966796875,0,-9430.6259765625,RestSSVEP
1638044608964,5128.80908203125,-32975.41796875,-7141.18115234375,-33836.09375,-23735.474609375,-11845.1279296875,0,-9428.591796875,RestSSVEP
1638044608964,5129.30078125,-32976.01953125,-7143.03662109375,-33836.60546875,-23740.056640625,-11847.408203125,0,-9408.67578125,RestSSVEP
1638044608965,5122.70703125,-32982.92578125,-7152.75927734375,-33846.171875,-23753.400390625,-11856.6171875,0,-9443.74609375,RestSSVEP
1638044608965,5130.19482421875,-32970.7890625,-7140.287109375,-33837.56640625,-23733.08203125,-11847.564453125,0,-9463.9521484375,RestSSVEP
1638044609193,5129.099609375,-32976.46875,-7130.6533203125,-33841.63671875,-23725.392578125,-11843.09375,0,-9438.4267578125,RestSSVEP
1638044609194,5136.60986328125,-32964.0625,-7124.283203125,-33837.390625,-23728.25390625,-11842.2001953125,0,-9427.2724609375,RestSSVEP
1638044609194,5133.837890625,-32971.171875,-7139.8623046875,-33844.765625,-23749.265625,-11849.666015625,0,-9433.6650390625,RestSSVEP
1638044609195,5128.33935546875,-32980.46875,-7147.77490234375,-33851.828125,-23758.763671875,-11853.8232421875,0,-9453.2236328125,RestSSVEP
1638044609195,5123.77978515625,-32988.984375,-7146.81396484375,-33854.30859375,-23747.431640625,-11851.833984375,0,-9456.6650390625,RestSSVEP
1638044609196,5124.271484375,-32985.1171875,-7145.33837890625,-33851.94140625,-23746.91796875,-11848.369140625,0,-9445.154296875,RestSSVEP
1638044609196,5124.20458984375,-32984.37890625,-7141.02490234375,-33850.98046875,-23748.080078125,-11846.9833984375,0,-9417.482421875,RestSSVEP
1638044609196,5120.00244140625,-32985.1171875,-7145.76318359375,-33856.72265625,-23762.67578125,-11852.5263671875,0,-9431.5419921875,RestSSVEP
1638044609197,5111.28515625,-32998.1484375,-7155.73193359375,-33864.7265625,-23754.427734375,-11855.8125,0,-9457.6044921875,RestSSVEP
1638044609197,5115.39794921875,-32991.0859375,-7152.78173828125,-33861.41796875,-23755.5234375,-11854.515625,0,-9433.486328125,RestSSVEP
1638044609889,5089.693359375,-33024.61328125,-7181.77197265625,-33896.51171875,-23780.958984375,-11887.9765625,0,-9498.150390625,Cue
1638044609890,5087.99462890625,-33026.421875,-7177.837890625,-33895.8828125,-23785.20703125,-11889.8984375,0,-9505.4150390625,Cue
1638044609890,5093.671875,-33016.12109375,-7165.38818359375,-33886.71875,-23774.03125,-11882.4560546875,0,-9467.841796875,Cue
1638044609890,5097.5390625,-33010.5546875,-7163.19775390625,-33884.55078125,-23786.435546875,-11881.2490234375,0,-9436.3251953125,Cue
1638044609890,5100.8466796875,-33002.953125,-7162.97412109375,-33881.71484375,-23781.474609375,-11875.90625,0,-9462.7451171875,Cue
1638044609890,5100.2880859375,-33006.91015625,-7167.95849609375,-33882.203125,-23779.439453125,-11874.7216796875,0,-9459.66015625,Cue
1638044609891,5101.40576171875,-33007.84765625,-7153.8544921875,-33877.1328125,-23761.111328125,-11868.2177734375,0,-9453.916015625,Cue
1638044609891,5104.55712890625,-33001.32421875,-7147.57373046875,-33875.765625,-23763.837890625,-11869.4248046875,0,-9436.7275390625,Cue
1638044609891,5103.6630859375,-33002.05859375,-7151.59716796875,-33877.265625,-23770.208984375,-11872.62109375,0,-9411.42578125,Cue
1638044609891,5102.59033203125,-33006.375,-7156.291015625,-33879.03125,-23776.04296875,-11873.7158203125,0,-9449.78125,Cue

